strategy,market_ticker,close_time,side,strike,spot_at_open,hours_to_expiry,market_implied_prob,fair_prob,edge,position_size,won,gross_pnl,kalshi_fee,net_pnl,cum_pnl
A,KXBTC-26APR1105-B72850,2026-04-11T09:00:00+00:00,below,72850.0,72953.25,168.0,0.05,0.5532,0.5032,50.0,False,-50.0,0.0,-50.0,-50.0
B,KXBTC-26APR1105-B72850,2026-04-11T09:00:00+00:00,below,72850.0,72953.25,168.0,0.05,0.4718,0.4218,50.0,False,-50.0,0.0,-50.0,-50.0
AB,KXBTC-26APR1105-B72850,2026-04-11T09:00:00+00:00,below,72850.0,72953.25,168.0,0.05,0.4921,0.4421,50.0,False,-50.0,0.0,-50.0,-50.0
A,KXBTC-26APR1121-B72850,2026-04-12T01:00:00+00:00,below,72850.0,71676.55,168.0,0.05,0.5872,0.5372,50.0,False,-50.0,0.0,-50.0,-100.0
B,KXBTC-26APR1121-B72850,2026-04-12T01:00:00+00:00,below,72850.0,71676.55,168.0,0.05,0.5872,0.5372,50.0,False,-50.0,0.0,-50.0,-100.0
AB,KXBTC-26APR1121-B72850,2026-04-12T01:00:00+00:00,below,72850.0,71676.55,168.0,0.05,0.5872,0.5372,50.0,False,-50.0,0.0,-50.0,-100.0
A,KXBTC-26APR1319-B74450,2026-04-13T23:00:00+00:00,below,74450.0,74446.0,168.0,0.05,0.5854,0.5354,50.0,False,-50.0,0.0,-50.0,-150.0
B,KXBTC-26APR1319-B74450,2026-04-13T23:00:00+00:00,below,74450.0,74446.0,168.0,0.05,0.5854,0.5354,50.0,False,-50.0,0.0,-50.0,-150.0
AB,KXBTC-26APR1319-B74450,2026-04-13T23:00:00+00:00,below,74450.0,74446.0,168.0,0.05,0.5854,0.5354,50.0,False,-50.0,0.0,-50.0,-150.0
A,KXBTC-26APR1223-B71250,2026-04-13T03:00:00+00:00,below,71250.0,70998.24,168.0,0.05,0.56,0.51,50.0,False,-50.0,0.0,-50.0,-200.0
B,KXBTC-26APR1223-B71250,2026-04-13T03:00:00+00:00,below,71250.0,70998.24,168.0,0.05,0.5189,0.4689,50.0,False,-50.0,0.0,-50.0,-200.0
AB,KXBTC-26APR1223-B71250,2026-04-13T03:00:00+00:00,below,71250.0,70998.24,168.0,0.05,0.5291,0.4791,50.0,False,-50.0,0.0,-50.0,-200.0
A,KXBTC-26APR1405-B74350,2026-04-14T09:00:00+00:00,below,74350.0,74546.65,168.0,0.07,0.5519,0.4819,50.0,False,-50.0,0.0,-50.0,-250.0
B,KXBTC-26APR1405-B74350,2026-04-14T09:00:00+00:00,below,74350.0,74546.65,168.0,0.07,0.4698,0.3998,50.0,False,-50.0,0.0,-50.0,-250.0
AB,KXBTC-26APR1405-B74350,2026-04-14T09:00:00+00:00,below,74350.0,74546.65,168.0,0.07,0.4903,0.4203,50.0,False,-50.0,0.0,-50.0,-250.0
A,KXBTC-26APR1405-B72850,2026-04-14T09:00:00+00:00,below,72850.0,74546.65,168.0,0.19,0.523,0.333,50.0,False,-50.0,0.0,-50.0,-300.0
B,KXBTC-26APR1405-B72850,2026-04-14T09:00:00+00:00,below,72850.0,74546.65,168.0,0.19,0.3869,0.1969,50.0,False,-50.0,0.0,-50.0,-300.0
AB,KXBTC-26APR1405-B72850,2026-04-14T09:00:00+00:00,below,72850.0,74546.65,168.0,0.19,0.4209,0.2309,50.0,False,-50.0,0.0,-50.0,-300.0
A,KXBTC-26APR1404-B73350,2026-04-14T08:00:00+00:00,below,73350.0,74800.25,168.0,0.86,0.5612,-0.2988,50.0,True,307.1429,21.5,285.6429,-14.3571
B,KXBTC-26APR1404-B73350,2026-04-14T08:00:00+00:00,below,73350.0,74800.25,168.0,0.86,0.5612,-0.2988,50.0,True,307.1429,21.5,285.6429,-14.3571
AB,KXBTC-26APR1404-B73350,2026-04-14T08:00:00+00:00,below,73350.0,74800.25,168.0,0.86,0.5612,-0.2988,50.0,True,307.1429,21.5,285.6429,-14.3571
A,KXBTC-26APR1508-B74550,2026-04-15T12:00:00+00:00,below,74550.0,74302.48,168.0,0.14,0.5606,0.4206,50.0,False,-50.0,0.0,-50.0,-64.3571
B,KXBTC-26APR1508-B74550,2026-04-15T12:00:00+00:00,below,74550.0,74302.48,168.0,0.14,0.5152,0.3752,50.0,False,-50.0,0.0,-50.0,-64.3571
AB,KXBTC-26APR1508-B74550,2026-04-15T12:00:00+00:00,below,74550.0,74302.48,168.0,0.14,0.5265,0.3865,50.0,False,-50.0,0.0,-50.0,-64.3571
A,KXBTC-26APR1504-B74550,2026-04-15T08:00:00+00:00,below,74550.0,74139.99,168.0,0.79,0.5762,-0.2138,50.0,True,188.0952,13.1667,174.9286,110.5715
B,KXBTC-26APR1504-B74550,2026-04-15T08:00:00+00:00,below,74550.0,74139.99,168.0,0.79,0.5762,-0.2138,50.0,True,188.0952,13.1667,174.9286,110.5715
AB,KXBTC-26APR1504-B74550,2026-04-15T08:00:00+00:00,below,74550.0,74139.99,168.0,0.79,0.5762,-0.2138,50.0,True,188.0952,13.1667,174.9286,110.5715
A,KXBTC-26APR1502-B75050,2026-04-15T06:00:00+00:00,below,75050.0,73924.0,168.0,0.09,0.5859,0.4959,50.0,False,-50.0,0.0,-50.0,60.5715
B,KXBTC-26APR1502-B75050,2026-04-15T06:00:00+00:00,below,75050.0,73924.0,168.0,0.09,0.5859,0.4959,50.0,False,-50.0,0.0,-50.0,60.5715
AB,KXBTC-26APR1502-B75050,2026-04-15T06:00:00+00:00,below,75050.0,73924.0,168.0,0.09,0.5859,0.4959,50.0,False,-50.0,0.0,-50.0,60.5715
A,KXBTC-26APR1523-B74650,2026-04-16T03:00:00+00:00,below,74650.0,74901.17,168.0,0.05,0.5502,0.5002,50.0,False,-50.0,0.0,-50.0,10.5715
B,KXBTC-26APR1523-B74650,2026-04-16T03:00:00+00:00,below,74650.0,74901.17,168.0,0.05,0.4816,0.4316,50.0,False,-50.0,0.0,-50.0,10.5715
AB,KXBTC-26APR1523-B74650,2026-04-16T03:00:00+00:00,below,74650.0,74901.17,168.0,0.05,0.4987,0.4487,50.0,False,-50.0,0.0,-50.0,10.5715
A,KXBTC-26APR1611-B73750,2026-04-16T15:00:00+00:00,below,73750.0,74720.99,168.0,0.14,0.5358,0.3958,50.0,False,-50.0,0.0,-50.0,-39.4285
B,KXBTC-26APR1611-B73750,2026-04-16T15:00:00+00:00,below,73750.0,74720.99,168.0,0.14,0.4359,0.2959,50.0,False,-50.0,0.0,-50.0,-39.4285
AB,KXBTC-26APR1611-B73750,2026-04-16T15:00:00+00:00,below,73750.0,74720.99,168.0,0.14,0.4609,0.3209,50.0,False,-50.0,0.0,-50.0,-39.4285
A,KXBTC-26APR1521-B75250,2026-04-16T01:00:00+00:00,below,75250.0,74681.46,168.0,0.05,0.5597,0.5097,50.0,False,-50.0,0.0,-50.0,-89.4285
B,KXBTC-26APR1521-B75250,2026-04-16T01:00:00+00:00,below,75250.0,74681.46,168.0,0.05,0.5597,0.5097,50.0,False,-50.0,0.0,-50.0,-89.4285
AB,KXBTC-26APR1521-B75250,2026-04-16T01:00:00+00:00,below,75250.0,74681.46,168.0,0.05,0.5597,0.5097,50.0,False,-50.0,0.0,-50.0,-89.4285
A,KXBTC-26APR1601-B75450,2026-04-16T05:00:00+00:00,below,75450.0,75060.65,168.0,0.05,0.5624,0.5124,50.0,False,-50.0,0.0,-50.0,-139.4285
B,KXBTC-26APR1601-B75450,2026-04-16T05:00:00+00:00,below,75450.0,75060.65,168.0,0.05,0.5147,0.4647,50.0,False,-50.0,0.0,-50.0,-139.4285
AB,KXBTC-26APR1601-B75450,2026-04-16T05:00:00+00:00,below,75450.0,75060.65,168.0,0.05,0.5266,0.4766,50.0,False,-50.0,0.0,-50.0,-139.4285
A,KXBTC-26APR1712-B78050,2026-04-17T16:00:00+00:00,below,78050.0,77907.27,168.0,0.05,0.5574,0.5074,50.0,False,-50.0,0.0,-50.0,-189.4285
B,KXBTC-26APR1712-B78050,2026-04-17T16:00:00+00:00,below,78050.0,77907.27,168.0,0.05,0.4624,0.4124,50.0,False,-50.0,0.0,-50.0,-189.4285
AB,KXBTC-26APR1712-B78050,2026-04-17T16:00:00+00:00,below,78050.0,77907.27,168.0,0.05,0.4861,0.4361,50.0,False,-50.0,0.0,-50.0,-189.4285
A,KXBTC-26APR1713-B77750,2026-04-17T17:00:00+00:00,below,77750.0,77563.51,168.0,0.07,0.5582,0.4882,50.0,False,-50.0,0.0,-50.0,-239.4285
B,KXBTC-26APR1713-B77750,2026-04-17T17:00:00+00:00,below,77750.0,77563.51,168.0,0.07,0.4655,0.3955,50.0,False,-50.0,0.0,-50.0,-239.4285
AB,KXBTC-26APR1713-B77750,2026-04-17T17:00:00+00:00,below,77750.0,77563.51,168.0,0.07,0.4887,0.4187,50.0,False,-50.0,0.0,-50.0,-239.4285
A,KXBTC-26APR1705-B76450,2026-04-17T09:00:00+00:00,below,76450.0,75811.48,168.0,0.2,0.5667,0.3667,50.0,False,-50.0,0.0,-50.0,-289.4285
B,KXBTC-26APR1705-B76450,2026-04-17T09:00:00+00:00,below,76450.0,75811.48,168.0,0.2,0.5265,0.3265,50.0,False,-50.0,0.0,-50.0,-289.4285
AB,KXBTC-26APR1705-B76450,2026-04-17T09:00:00+00:00,below,76450.0,75811.48,168.0,0.2,0.5365,0.3365,50.0,False,-50.0,0.0,-50.0,-289.4285
A,KXBTC-26APR1704-B74750,2026-04-17T08:00:00+00:00,below,74750.0,75806.24,168.0,0.06,0.5543,0.4943,50.0,False,-50.0,0.0,-50.0,-339.4285
B,KXBTC-26APR1704-B74750,2026-04-17T08:00:00+00:00,below,74750.0,75806.24,168.0,0.06,0.5543,0.4943,50.0,False,-50.0,0.0,-50.0,-339.4285
AB,KXBTC-26APR1704-B74750,2026-04-17T08:00:00+00:00,below,74750.0,75806.24,168.0,0.06,0.5543,0.4943,50.0,False,-50.0,0.0,-50.0,-339.4285
A,KXBTC-26APR1723-B76850,2026-04-18T03:00:00+00:00,below,76850.0,77043.74,168.0,0.05,0.5512,0.5012,50.0,False,-50.0,0.0,-50.0,-389.4285
B,KXBTC-26APR1723-B76850,2026-04-18T03:00:00+00:00,below,76850.0,77043.74,168.0,0.05,0.4459,0.3959,50.0,False,-50.0,0.0,-50.0,-389.4285
AB,KXBTC-26APR1723-B76850,2026-04-18T03:00:00+00:00,below,76850.0,77043.74,168.0,0.05,0.4722,0.4222,50.0,False,-50.0,0.0,-50.0,-389.4285
A,KXBTC-26APR1909-B75850,2026-04-19T13:00:00+00:00,below,75850.0,75963.14,168.0,0.38,0.5527,0.1727,50.0,False,-50.0,0.0,-50.0,-439.4285
B,KXBTC-26APR1909-B75850,2026-04-19T13:00:00+00:00,below,75850.0,75963.14,168.0,0.38,0.451,0.071,50.0,False,-50.0,0.0,-50.0,-439.4285
AB,KXBTC-26APR1909-B75850,2026-04-19T13:00:00+00:00,below,75850.0,75963.14,168.0,0.38,0.4764,0.0964,50.0,False,-50.0,0.0,-50.0,-439.4285
A,KXBTC-26APR1914-B75750,2026-04-19T18:00:00+00:00,below,75750.0,74806.71,168.0,0.1,0.5727,0.4727,50.0,False,-50.0,0.0,-50.0,-489.4285
B,KXBTC-26APR1914-B75750,2026-04-19T18:00:00+00:00,below,75750.0,74806.71,168.0,0.1,0.5232,0.4232,50.0,False,-50.0,0.0,-50.0,-489.4285
AB,KXBTC-26APR1914-B75750,2026-04-19T18:00:00+00:00,below,75750.0,74806.71,168.0,0.1,0.5355,0.4355,50.0,False,-50.0,0.0,-50.0,-489.4285
A,KXBTC-26APR1901-B75350,2026-04-19T05:00:00+00:00,below,75350.0,75580.01,168.0,0.8,0.5504,-0.2496,50.0,True,200.0,14.0,186.0,-303.4285
B,KXBTC-26APR1901-B75350,2026-04-19T05:00:00+00:00,below,75350.0,75580.01,168.0,0.8,0.4503,-0.3497,50.0,True,200.0,14.0,186.0,-303.4285
AB,KXBTC-26APR1901-B75350,2026-04-19T05:00:00+00:00,below,75350.0,75580.01,168.0,0.8,0.4753,-0.3247,50.0,True,200.0,14.0,186.0,-303.4285
A,KXBTC-26APR2013-B75050,2026-04-20T17:00:00+00:00,below,75050.0,75937.31,168.0,0.05,0.537,0.487,50.0,False,-50.0,0.0,-50.0,-353.4285
B,KXBTC-26APR2013-B75050,2026-04-20T17:00:00+00:00,below,75050.0,75937.31,168.0,0.05,0.4071,0.3571,50.0,False,-50.0,0.0,-50.0,-353.4285
AB,KXBTC-26APR2013-B75050,2026-04-20T17:00:00+00:00,below,75050.0,75937.31,168.0,0.05,0.4396,0.3896,50.0,False,-50.0,0.0,-50.0,-353.4285
A,KXBTC-26APR2006-B75650,2026-04-20T10:00:00+00:00,below,75650.0,75068.69,168.0,0.19,0.5658,0.3758,50.0,False,-50.0,0.0,-50.0,-403.4285
B,KXBTC-26APR2006-B75650,2026-04-20T10:00:00+00:00,below,75650.0,75068.69,168.0,0.19,0.4979,0.3079,50.0,False,-50.0,0.0,-50.0,-403.4285
AB,KXBTC-26APR2006-B75650,2026-04-20T10:00:00+00:00,below,75650.0,75068.69,168.0,0.19,0.5148,0.3248,50.0,False,-50.0,0.0,-50.0,-403.4285
A,KXBTC-26APR2009-B75150,2026-04-20T13:00:00+00:00,below,75150.0,75307.98,168.0,0.86,0.5513,-0.3087,50.0,True,307.1429,21.5,285.6429,-117.7856
B,KXBTC-26APR2009-B75150,2026-04-20T13:00:00+00:00,below,75150.0,75307.98,168.0,0.86,0.4554,-0.4046,50.0,True,307.1429,21.5,285.6429,-117.7856
AB,KXBTC-26APR2009-B75150,2026-04-20T13:00:00+00:00,below,75150.0,75307.98,168.0,0.86,0.4794,-0.3806,50.0,True,307.1429,21.5,285.6429,-117.7856
A,KXBTC-26APR2012-B74750,2026-04-20T16:00:00+00:00,below,74750.0,75378.79,168.0,0.05,0.542,0.492,50.0,False,-50.0,0.0,-50.0,-167.7856
B,KXBTC-26APR2012-B74750,2026-04-20T16:00:00+00:00,below,74750.0,75378.79,168.0,0.05,0.4294,0.3794,50.0,False,-50.0,0.0,-50.0,-167.7856
AB,KXBTC-26APR2012-B74750,2026-04-20T16:00:00+00:00,below,74750.0,75378.79,168.0,0.05,0.4575,0.4075,50.0,False,-50.0,0.0,-50.0,-167.7856
A,KXBTC-26APR2108-B78150,2026-04-21T12:00:00+00:00,below,78150.0,76037.95,168.0,0.8,0.5933,-0.2067,50.0,True,200.0,14.0,186.0,18.2144
B,KXBTC-26APR2108-B78150,2026-04-21T12:00:00+00:00,below,78150.0,76037.95,168.0,0.8,0.5582,-0.2418,50.0,True,200.0,14.0,186.0,18.2144
AB,KXBTC-26APR2108-B78150,2026-04-21T12:00:00+00:00,below,78150.0,76037.95,168.0,0.8,0.567,-0.233,50.0,True,200.0,14.0,186.0,18.2144
A,KXBTC-26APR2118-B75450,2026-04-21T22:00:00+00:00,below,75450.0,75662.06,168.0,0.05,0.5514,0.5014,50.0,False,-50.0,0.0,-50.0,-31.7856
B,KXBTC-26APR2118-B75450,2026-04-21T22:00:00+00:00,below,75450.0,75662.06,168.0,0.05,0.5514,0.5014,50.0,False,-50.0,0.0,-50.0,-31.7856
AB,KXBTC-26APR2118-B75450,2026-04-21T22:00:00+00:00,below,75450.0,75662.06,168.0,0.05,0.5514,0.5014,50.0,False,-50.0,0.0,-50.0,-31.7856
A,KXBTC-26APR2123-B76350,2026-04-22T03:00:00+00:00,below,76350.0,77541.55,168.0,0.14,0.5292,0.3892,50.0,False,-50.0,0.0,-50.0,-81.7856
B,KXBTC-26APR2123-B76350,2026-04-22T03:00:00+00:00,below,76350.0,77541.55,168.0,0.14,0.3801,0.2401,50.0,False,-50.0,0.0,-50.0,-81.7856
AB,KXBTC-26APR2123-B76350,2026-04-22T03:00:00+00:00,below,76350.0,77541.55,168.0,0.14,0.4174,0.2774,50.0,False,-50.0,0.0,-50.0,-81.7856
A,KXBTC-26APR2306-B76350,2026-04-23T10:00:00+00:00,below,76350.0,77425.92,168.0,0.92,0.5306,-0.3894,50.0,True,575.0,40.25,534.75,452.9644
B,KXBTC-26APR2306-B76350,2026-04-23T10:00:00+00:00,below,76350.0,77425.92,168.0,0.92,0.3898,-0.5302,50.0,True,575.0,40.25,534.75,452.9644
AB,KXBTC-26APR2306-B76350,2026-04-23T10:00:00+00:00,below,76350.0,77425.92,168.0,0.92,0.425,-0.495,50.0,True,575.0,40.25,534.75,452.9644
A,KXBTC-26APR2309-B77350,2026-04-23T13:00:00+00:00,below,77350.0,77549.31,168.0,0.09,0.5479,0.4579,50.0,False,-50.0,0.0,-50.0,402.9644
B,KXBTC-26APR2309-B77350,2026-04-23T13:00:00+00:00,below,77350.0,77549.31,168.0,0.09,0.4323,0.3423,50.0,False,-50.0,0.0,-50.0,402.9644
AB,KXBTC-26APR2309-B77350,2026-04-23T13:00:00+00:00,below,77350.0,77549.31,168.0,0.09,0.4612,0.3712,50.0,False,-50.0,0.0,-50.0,402.9644
A,KXBTC-26APR2415-B77350,2026-04-24T19:00:00+00:00,below,77350.0,77659.72,168.0,0.09,0.5457,0.4557,50.0,False,-50.0,0.0,-50.0,352.9644
B,KXBTC-26APR2415-B77350,2026-04-24T19:00:00+00:00,below,77350.0,77659.72,168.0,0.09,0.432,0.342,50.0,False,-50.0,0.0,-50.0,352.9644
AB,KXBTC-26APR2415-B77350,2026-04-24T19:00:00+00:00,below,77350.0,77659.72,168.0,0.09,0.4604,0.3704,50.0,False,-50.0,0.0,-50.0,352.9644
A,KXBTC-26APR2506-B76650,2026-04-25T10:00:00+00:00,below,76650.0,77809.48,168.0,0.09,0.5288,0.4388,50.0,False,-50.0,0.0,-50.0,302.9644
B,KXBTC-26APR2506-B76650,2026-04-25T10:00:00+00:00,below,76650.0,77809.48,168.0,0.09,0.3761,0.2861,50.0,False,-50.0,0.0,-50.0,302.9644
AB,KXBTC-26APR2506-B76650,2026-04-25T10:00:00+00:00,below,76650.0,77809.48,168.0,0.09,0.4143,0.3243,50.0,False,-50.0,0.0,-50.0,302.9644
A,KXBTC-26APR2618-B76850,2026-04-26T22:00:00+00:00,below,76850.0,78333.24,168.0,0.09,0.4728,0.3828,50.0,False,-50.0,0.0,-50.0,252.9644
B,KXBTC-26APR2618-B76850,2026-04-26T22:00:00+00:00,below,76850.0,78333.24,168.0,0.09,0.4728,0.3828,50.0,False,-50.0,0.0,-50.0,252.9644
AB,KXBTC-26APR2618-B76850,2026-04-26T22:00:00+00:00,below,76850.0,78333.24,168.0,0.09,0.4728,0.3828,50.0,False,-50.0,0.0,-50.0,252.9644
A,KXBTC-26APR2620-B79950,2026-04-27T00:00:00+00:00,below,79950.0,79322.57,168.0,0.29,0.5537,0.2637,50.0,False,-50.0,0.0,-50.0,202.9644
B,KXBTC-26APR2620-B79950,2026-04-27T00:00:00+00:00,below,79950.0,79322.57,168.0,0.29,0.5537,0.2637,50.0,False,-50.0,0.0,-50.0,202.9644
AB,KXBTC-26APR2620-B79950,2026-04-27T00:00:00+00:00,below,79950.0,79322.57,168.0,0.29,0.5537,0.2637,50.0,False,-50.0,0.0,-50.0,202.9644
A,KXBTC-26APR2621-B77950,2026-04-27T01:00:00+00:00,below,77950.0,79301.99,168.0,0.09,0.4997,0.4097,50.0,False,-50.0,0.0,-50.0,152.9644
B,KXBTC-26APR2621-B77950,2026-04-27T01:00:00+00:00,below,77950.0,79301.99,168.0,0.09,0.4997,0.4097,50.0,False,-50.0,0.0,-50.0,152.9644
AB,KXBTC-26APR2621-B77950,2026-04-27T01:00:00+00:00,below,77950.0,79301.99,168.0,0.09,0.4997,0.4097,50.0,False,-50.0,0.0,-50.0,152.9644
A,KXBTC-26APR2800-B77750,2026-04-28T04:00:00+00:00,below,77750.0,76885.6,168.0,0.8,0.5684,-0.2316,50.0,True,200.0,14.0,186.0,338.9644
B,KXBTC-26APR2800-B77750,2026-04-28T04:00:00+00:00,below,77750.0,76885.6,168.0,0.8,0.4642,-0.3358,50.0,True,200.0,14.0,186.0,338.9644
AB,KXBTC-26APR2800-B77750,2026-04-28T04:00:00+00:00,below,77750.0,76885.6,168.0,0.8,0.4902,-0.3098,50.0,True,200.0,14.0,186.0,338.9644
A,KXBTC-26APR2816-B74750,2026-04-28T20:00:00+00:00,below,74750.0,76461.99,168.0,0.09,0.5148,0.4248,50.0,False,-50.0,0.0,-50.0,288.9644
B,KXBTC-26APR2816-B74750,2026-04-28T20:00:00+00:00,below,74750.0,76461.99,168.0,0.09,0.353,0.263,50.0,False,-50.0,0.0,-50.0,288.9644
AB,KXBTC-26APR2816-B74750,2026-04-28T20:00:00+00:00,below,74750.0,76461.99,168.0,0.09,0.3934,0.3034,50.0,False,-50.0,0.0,-50.0,288.9644
A,KXBTC-26APR2812-B75750,2026-04-28T16:00:00+00:00,below,75750.0,76109.27,168.0,0.19,0.5431,0.3531,50.0,False,-50.0,0.0,-50.0,238.9644
B,KXBTC-26APR2812-B75750,2026-04-28T16:00:00+00:00,below,75750.0,76109.27,168.0,0.19,0.4088,0.2188,50.0,False,-50.0,0.0,-50.0,238.9644
AB,KXBTC-26APR2812-B75750,2026-04-28T16:00:00+00:00,below,75750.0,76109.27,168.0,0.19,0.4424,0.2524,50.0,False,-50.0,0.0,-50.0,238.9644
A,KXBTC-26APR2821-B76650,2026-04-29T01:00:00+00:00,below,76650.0,76552.31,168.0,0.05,0.5333,0.4833,50.0,False,-50.0,0.0,-50.0,188.9644
B,KXBTC-26APR2821-B76650,2026-04-29T01:00:00+00:00,below,76650.0,76552.31,168.0,0.05,0.5333,0.4833,50.0,False,-50.0,0.0,-50.0,188.9644
AB,KXBTC-26APR2821-B76650,2026-04-29T01:00:00+00:00,below,76650.0,76552.31,168.0,0.05,0.5333,0.4833,50.0,False,-50.0,0.0,-50.0,188.9644
A,KXBTC-26APR2901-B75650,2026-04-29T05:00:00+00:00,below,75650.0,77280.36,168.0,0.09,0.5161,0.4261,50.0,False,-50.0,0.0,-50.0,138.9644
B,KXBTC-26APR2901-B75650,2026-04-29T05:00:00+00:00,below,75650.0,77280.36,168.0,0.09,0.3567,0.2667,50.0,False,-50.0,0.0,-50.0,138.9644
AB,KXBTC-26APR2901-B75650,2026-04-29T05:00:00+00:00,below,75650.0,77280.36,168.0,0.09,0.3966,0.3066,50.0,False,-50.0,0.0,-50.0,138.9644
A,KXBTC-26APR2906-B77950,2026-04-29T10:00:00+00:00,below,77950.0,77622.55,168.0,0.09,0.5563,0.4663,50.0,False,-50.0,0.0,-50.0,88.9644
B,KXBTC-26APR2906-B77950,2026-04-29T10:00:00+00:00,below,77950.0,77622.55,168.0,0.09,0.4396,0.3496,50.0,False,-50.0,0.0,-50.0,88.9644
AB,KXBTC-26APR2906-B77950,2026-04-29T10:00:00+00:00,below,77950.0,77622.55,168.0,0.09,0.4688,0.3788,50.0,False,-50.0,0.0,-50.0,88.9644
A,KXBTC-26APR3014-B76150,2026-04-30T18:00:00+00:00,below,76150.0,76314.99,168.0,0.08,0.5453,0.4653,50.0,False,-50.0,0.0,-50.0,38.9644
B,KXBTC-26APR3014-B76150,2026-04-30T18:00:00+00:00,below,76150.0,76314.99,168.0,0.08,0.4252,0.3452,50.0,False,-50.0,0.0,-50.0,38.9644
AB,KXBTC-26APR3014-B76150,2026-04-30T18:00:00+00:00,below,76150.0,76314.99,168.0,0.08,0.4552,0.3752,50.0,False,-50.0,0.0,-50.0,38.9644
A,KXBTC-26APR3009-B76650,2026-04-30T13:00:00+00:00,below,76650.0,76385.9,168.0,0.09,0.5546,0.4646,50.0,False,-50.0,0.0,-50.0,-11.0356
B,KXBTC-26APR3009-B76650,2026-04-30T13:00:00+00:00,below,76650.0,76385.9,168.0,0.09,0.4321,0.3421,50.0,False,-50.0,0.0,-50.0,-11.0356
AB,KXBTC-26APR3009-B76650,2026-04-30T13:00:00+00:00,below,76650.0,76385.9,168.0,0.09,0.4627,0.3727,50.0,False,-50.0,0.0,-50.0,-11.0356
A,KXBTC-26APR2921-B74750,2026-04-30T01:00:00+00:00,below,74750.0,76212.85,168.0,0.42,0.5382,0.1182,50.0,False,-50.0,0.0,-50.0,-61.0356
B,KXBTC-26APR2921-B74750,2026-04-30T01:00:00+00:00,below,74750.0,76212.85,168.0,0.42,0.5382,0.1182,50.0,False,-50.0,0.0,-50.0,-61.0356
AB,KXBTC-26APR2921-B74750,2026-04-30T01:00:00+00:00,below,74750.0,76212.85,168.0,0.42,0.5382,0.1182,50.0,False,-50.0,0.0,-50.0,-61.0356
A,KXBTC-26APR3010-B76750,2026-04-30T14:00:00+00:00,below,76750.0,76267.97,168.0,0.08,0.5698,0.4898,50.0,False,-50.0,0.0,-50.0,-111.0356
B,KXBTC-26APR3010-B76750,2026-04-30T14:00:00+00:00,below,76750.0,76267.97,168.0,0.08,0.5698,0.4898,50.0,False,-50.0,0.0,-50.0,-111.0356
AB,KXBTC-26APR3010-B76750,2026-04-30T14:00:00+00:00,below,76750.0,76267.97,168.0,0.08,0.5698,0.4898,50.0,False,-50.0,0.0,-50.0,-111.0356
A,KXBTC-26MAY0201-B79550,2026-05-02T05:00:00+00:00,below,79550.0,78179.6,168.0,0.16,0.5762,0.4162,50.0,False,-50.0,0.0,-50.0,-161.0356
B,KXBTC-26MAY0201-B79550,2026-05-02T05:00:00+00:00,below,79550.0,78179.6,168.0,0.16,0.4811,0.3211,50.0,False,-50.0,0.0,-50.0,-161.0356
AB,KXBTC-26MAY0201-B79550,2026-05-02T05:00:00+00:00,below,79550.0,78179.6,168.0,0.16,0.5049,0.3449,50.0,False,-50.0,0.0,-50.0,-161.0356
A,KXBTC-26MAY0221-B77450,2026-05-03T01:00:00+00:00,below,77450.0,78250.0,168.0,0.19,0.4887,0.2987,50.0,False,-50.0,0.0,-50.0,-211.0356
B,KXBTC-26MAY0221-B77450,2026-05-03T01:00:00+00:00,below,77450.0,78250.0,168.0,0.19,0.4887,0.2987,50.0,False,-50.0,0.0,-50.0,-211.0356
AB,KXBTC-26MAY0221-B77450,2026-05-03T01:00:00+00:00,below,77450.0,78250.0,168.0,0.19,0.4887,0.2987,50.0,False,-50.0,0.0,-50.0,-211.0356
A,KXBTC-26MAY0304-B79050,2026-05-03T08:00:00+00:00,below,79050.0,78379.39,168.0,0.1,0.5537,0.4537,50.0,False,-50.0,0.0,-50.0,-261.0356
B,KXBTC-26MAY0304-B79050,2026-05-03T08:00:00+00:00,below,79050.0,78379.39,168.0,0.1,0.5537,0.4537,50.0,False,-50.0,0.0,-50.0,-261.0356
AB,KXBTC-26MAY0304-B79050,2026-05-03T08:00:00+00:00,below,79050.0,78379.39,168.0,0.1,0.5537,0.4537,50.0,False,-50.0,0.0,-50.0,-261.0356
A,KXBTC-26MAY0413-B81850,2026-05-04T17:00:00+00:00,below,81850.0,80393.97,168.0,0.09,0.5774,0.4874,50.0,False,-50.0,0.0,-50.0,-311.0356
B,KXBTC-26MAY0413-B81850,2026-05-04T17:00:00+00:00,below,81850.0,80393.97,168.0,0.09,0.4678,0.3778,50.0,False,-50.0,0.0,-50.0,-311.0356
AB,KXBTC-26MAY0413-B81850,2026-05-04T17:00:00+00:00,below,81850.0,80393.97,168.0,0.09,0.4952,0.4052,50.0,False,-50.0,0.0,-50.0,-311.0356
A,KXBTC-26MAY0419-B79550,2026-05-04T23:00:00+00:00,below,79550.0,79852.37,168.0,0.09,0.5829,0.4929,50.0,False,-50.0,0.0,-50.0,-361.0356
B,KXBTC-26MAY0419-B79550,2026-05-04T23:00:00+00:00,below,79550.0,79852.37,168.0,0.09,0.5829,0.4929,50.0,False,-50.0,0.0,-50.0,-361.0356
AB,KXBTC-26MAY0419-B79550,2026-05-04T23:00:00+00:00,below,79550.0,79852.37,168.0,0.09,0.5829,0.4929,50.0,False,-50.0,0.0,-50.0,-361.0356
A,KXBTC-26MAY0510-B83050,2026-05-05T14:00:00+00:00,below,83050.0,81338.68,168.0,0.09,0.581,0.491,50.0,False,-50.0,0.0,-50.0,-411.0356
B,KXBTC-26MAY0510-B83050,2026-05-05T14:00:00+00:00,below,83050.0,81338.68,168.0,0.09,0.581,0.491,50.0,False,-50.0,0.0,-50.0,-411.0356
AB,KXBTC-26MAY0510-B83050,2026-05-05T14:00:00+00:00,below,83050.0,81338.68,168.0,0.09,0.581,0.491,50.0,False,-50.0,0.0,-50.0,-411.0356
A,KXBTC-26MAY0519-B82850,2026-05-05T23:00:00+00:00,below,82850.0,80907.72,168.0,0.09,0.5886,0.4986,50.0,False,-50.0,0.0,-50.0,-461.0356
B,KXBTC-26MAY0519-B82850,2026-05-05T23:00:00+00:00,below,82850.0,80907.72,168.0,0.09,0.5886,0.4986,50.0,False,-50.0,0.0,-50.0,-461.0356
AB,KXBTC-26MAY0519-B82850,2026-05-05T23:00:00+00:00,below,82850.0,80907.72,168.0,0.09,0.5886,0.4986,50.0,False,-50.0,0.0,-50.0,-461.0356
A,KXBTC-26MAY0511-B80650,2026-05-05T15:00:00+00:00,below,80650.0,81553.68,168.0,0.09,0.5307,0.4407,50.0,False,-50.0,0.0,-50.0,-511.0356
B,KXBTC-26MAY0511-B80650,2026-05-05T15:00:00+00:00,below,80650.0,81553.68,168.0,0.09,0.357,0.267,50.0,False,-50.0,0.0,-50.0,-511.0356
AB,KXBTC-26MAY0511-B80650,2026-05-05T15:00:00+00:00,below,80650.0,81553.68,168.0,0.09,0.4004,0.3104,50.0,False,-50.0,0.0,-50.0,-511.0356
A,KXBTC-26MAY0501-B82550,2026-05-05T05:00:00+00:00,below,82550.0,80965.55,168.0,0.09,0.5799,0.4899,50.0,False,-50.0,0.0,-50.0,-561.0356
B,KXBTC-26MAY0501-B82550,2026-05-05T05:00:00+00:00,below,82550.0,80965.55,168.0,0.09,0.4732,0.3832,50.0,False,-50.0,0.0,-50.0,-561.0356
AB,KXBTC-26MAY0501-B82550,2026-05-05T05:00:00+00:00,below,82550.0,80965.55,168.0,0.09,0.4998,0.4098,50.0,False,-50.0,0.0,-50.0,-561.0356
A,KXBTC-26MAY0607-B82850,2026-05-06T11:00:00+00:00,below,82850.0,82520.75,168.0,0.05,0.5542,0.5042,50.0,False,-50.0,0.0,-50.0,-611.0356
B,KXBTC-26MAY0607-B82850,2026-05-06T11:00:00+00:00,below,82850.0,82520.75,168.0,0.05,0.4156,0.3656,50.0,False,-50.0,0.0,-50.0,-611.0356
AB,KXBTC-26MAY0607-B82850,2026-05-06T11:00:00+00:00,below,82850.0,82520.75,168.0,0.05,0.4503,0.4003,50.0,False,-50.0,0.0,-50.0,-611.0356
A,KXBTC-26MAY0701-T72200,2026-05-07T05:00:00+00:00,above,72200.0,81092.98,168.0,0.05,0.6486,0.5986,50.0,False,-50.0,0.0,-50.0,-661.0356
B,KXBTC-26MAY0701-T72200,2026-05-07T05:00:00+00:00,above,72200.0,81092.98,168.0,0.05,0.8104,0.7604,50.0,False,-50.0,0.0,-50.0,-661.0356
AB,KXBTC-26MAY0701-T72200,2026-05-07T05:00:00+00:00,above,72200.0,81092.98,168.0,0.05,0.77,0.72,50.0,False,-50.0,0.0,-50.0,-661.0356
A,KXBTC-26MAY0818-B80050,2026-05-08T22:00:00+00:00,below,80050.0,80270.12,168.0,0.05,0.5343,0.4843,50.0,False,-50.0,0.0,-50.0,-711.0356
B,KXBTC-26MAY0818-B80050,2026-05-08T22:00:00+00:00,below,80050.0,80270.12,168.0,0.05,0.5343,0.4843,50.0,False,-50.0,0.0,-50.0,-711.0356
AB,KXBTC-26MAY0818-B80050,2026-05-08T22:00:00+00:00,below,80050.0,80270.12,168.0,0.05,0.5343,0.4843,50.0,False,-50.0,0.0,-50.0,-711.0356
A,KXBTC-26MAY0808-B79350,2026-05-08T12:00:00+00:00,below,79350.0,80020.27,168.0,0.44,0.5302,0.0902,50.0,False,-50.0,0.0,-50.0,-761.0356
B,KXBTC-26MAY0901-B79950,2026-05-09T05:00:00+00:00,below,79950.0,80374.0,168.0,0.5,0.401,-0.099,50.0,True,50.0,3.5,46.5,-664.5356
AB,KXBTC-26MAY0901-B79950,2026-05-09T05:00:00+00:00,below,79950.0,80374.0,168.0,0.5,0.4344,-0.0656,50.0,True,50.0,3.5,46.5,-664.5356
A,KXBTC-26MAY0820-B80350,2026-05-09T00:00:00+00:00,below,80350.0,80230.24,168.0,0.06,0.5426,0.4826,50.0,False,-50.0,0.0,-50.0,-811.0356
B,KXBTC-26MAY0820-B80350,2026-05-09T00:00:00+00:00,below,80350.0,80230.24,168.0,0.06,0.5426,0.4826,50.0,False,-50.0,0.0,-50.0,-714.5356
AB,KXBTC-26MAY0820-B80350,2026-05-09T00:00:00+00:00,below,80350.0,80230.24,168.0,0.06,0.5426,0.4826,50.0,False,-50.0,0.0,-50.0,-714.5356
A,KXBTC-26MAY1011-B81350,2026-05-10T15:00:00+00:00,below,81350.0,81408.11,168.0,0.05,0.5415,0.4915,50.0,False,-50.0,0.0,-50.0,-861.0356
B,KXBTC-26MAY1011-B81350,2026-05-10T15:00:00+00:00,below,81350.0,81408.11,168.0,0.05,0.4245,0.3745,50.0,False,-50.0,0.0,-50.0,-764.5356
AB,KXBTC-26MAY1011-B81350,2026-05-10T15:00:00+00:00,below,81350.0,81408.11,168.0,0.05,0.4537,0.4037,50.0,False,-50.0,0.0,-50.0,-764.5356
A,KXBTC-26MAY1013-B81650,2026-05-10T17:00:00+00:00,below,81650.0,81471.42,168.0,0.05,0.5469,0.4969,50.0,False,-50.0,0.0,-50.0,-911.0356
B,KXBTC-26MAY1013-B81650,2026-05-10T17:00:00+00:00,below,81650.0,81471.42,168.0,0.05,0.4358,0.3858,50.0,False,-50.0,0.0,-50.0,-814.5356
AB,KXBTC-26MAY1013-B81650,2026-05-10T17:00:00+00:00,below,81650.0,81471.42,168.0,0.05,0.4635,0.4135,50.0,False,-50.0,0.0,-50.0,-814.5356
A,KXBTC-26MAY0923-B80150,2026-05-10T03:00:00+00:00,below,80150.0,80752.23,168.0,0.4,0.5293,0.1293,50.0,False,-50.0,0.0,-50.0,-961.0356
A,KXBTC-26MAY1020-B81650,2026-05-11T00:00:00+00:00,below,81650.0,81448.03,168.0,0.05,0.5689,0.5189,50.0,False,-50.0,0.0,-50.0,-1011.0356
B,KXBTC-26MAY1020-B81650,2026-05-11T00:00:00+00:00,below,81650.0,81448.03,168.0,0.05,0.5689,0.5189,50.0,False,-50.0,0.0,-50.0,-864.5356
AB,KXBTC-26MAY1020-B81650,2026-05-11T00:00:00+00:00,below,81650.0,81448.03,168.0,0.05,0.5689,0.5189,50.0,False,-50.0,0.0,-50.0,-864.5356
A,KXBTC-26MAY1606-B78850,2026-05-16T10:00:00+00:00,below,78850.0,77931.49,168.0,0.2,0.5643,0.3643,50.0,False,-50.0,0.0,-50.0,-1061.0356
B,KXBTC-26MAY1606-B78850,2026-05-16T10:00:00+00:00,below,78850.0,77931.49,168.0,0.2,0.5217,0.3217,50.0,False,-50.0,0.0,-50.0,-914.5356
AB,KXBTC-26MAY1606-B78850,2026-05-16T10:00:00+00:00,below,78850.0,77931.49,168.0,0.2,0.5323,0.3323,50.0,False,-50.0,0.0,-50.0,-914.5356
A,KXBTC-26MAY1520-B79350,2026-05-16T00:00:00+00:00,below,79350.0,79069.05,168.0,0.09,0.5757,0.4857,50.0,False,-50.0,0.0,-50.0,-1111.0356
B,KXBTC-26MAY1520-B79350,2026-05-16T00:00:00+00:00,below,79350.0,79069.05,168.0,0.09,0.5757,0.4857,50.0,False,-50.0,0.0,-50.0,-964.5356
AB,KXBTC-26MAY1520-B79350,2026-05-16T00:00:00+00:00,below,79350.0,79069.05,168.0,0.09,0.5757,0.4857,50.0,False,-50.0,0.0,-50.0,-964.5356
A,KXBTC-26MAY1620-B78350,2026-05-17T00:00:00+00:00,below,78350.0,77918.95,168.0,0.19,0.5423,0.3523,50.0,False,-50.0,0.0,-50.0,-1161.0356
B,KXBTC-26MAY1620-B78350,2026-05-17T00:00:00+00:00,below,78350.0,77918.95,168.0,0.19,0.5423,0.3523,50.0,False,-50.0,0.0,-50.0,-1014.5356
AB,KXBTC-26MAY1620-B78350,2026-05-17T00:00:00+00:00,below,78350.0,77918.95,168.0,0.19,0.5423,0.3523,50.0,False,-50.0,0.0,-50.0,-1014.5356
A,KXBTC-26MAY1708-B78250,2026-05-17T12:00:00+00:00,below,78250.0,78332.38,168.0,0.05,0.5378,0.4878,50.0,False,-50.0,0.0,-50.0,-1211.0356
B,KXBTC-26MAY1708-B78250,2026-05-17T12:00:00+00:00,below,78250.0,78332.38,168.0,0.05,0.4712,0.4212,50.0,False,-50.0,0.0,-50.0,-1064.5356
AB,KXBTC-26MAY1708-B78250,2026-05-17T12:00:00+00:00,below,78250.0,78332.38,168.0,0.05,0.4878,0.4378,50.0,False,-50.0,0.0,-50.0,-1064.5356
A,KXBTC-26MAY1716-B78150,2026-05-17T20:00:00+00:00,below,78150.0,78218.55,168.0,0.09,0.538,0.448,50.0,False,-50.0,0.0,-50.0,-1261.0356
B,KXBTC-26MAY1716-B78150,2026-05-17T20:00:00+00:00,below,78150.0,78218.55,168.0,0.09,0.4966,0.4066,50.0,False,-50.0,0.0,-50.0,-1114.5356
AB,KXBTC-26MAY1716-B78150,2026-05-17T20:00:00+00:00,below,78150.0,78218.55,168.0,0.09,0.507,0.417,50.0,False,-50.0,0.0,-50.0,-1114.5356
A,KXBTC-26MAY1910-B76750,2026-05-19T14:00:00+00:00,below,76750.0,76315.97,168.0,0.07,0.562,0.492,50.0,False,-50.0,0.0,-50.0,-1311.0356
B,KXBTC-26MAY1910-B76750,2026-05-19T14:00:00+00:00,below,76750.0,76315.97,168.0,0.07,0.562,0.492,50.0,False,-50.0,0.0,-50.0,-1164.5356
AB,KXBTC-26MAY1910-B76750,2026-05-19T14:00:00+00:00,below,76750.0,76315.97,168.0,0.07,0.562,0.492,50.0,False,-50.0,0.0,-50.0,-1164.5356
A,KXBTC-26MAY2013-B75950,2026-05-20T17:00:00+00:00,below,75950.0,77493.77,168.0,0.09,0.4982,0.4082,50.0,False,-50.0,0.0,-50.0,-1361.0356
B,KXBTC-26MAY2013-B75950,2026-05-20T17:00:00+00:00,below,75950.0,77493.77,168.0,0.09,0.3958,0.3058,50.0,False,-50.0,0.0,-50.0,-1214.5356
AB,KXBTC-26MAY2013-B75950,2026-05-20T17:00:00+00:00,below,75950.0,77493.77,168.0,0.09,0.4214,0.3314,50.0,False,-50.0,0.0,-50.0,-1214.5356
A,KXBTC-26MAY2318-B75650,2026-05-23T22:00:00+00:00,below,75650.0,76480.0,168.0,0.2,0.5582,0.3582,50.0,False,-50.0,0.0,-50.0,-1411.0356
B,KXBTC-26MAY2318-B75650,2026-05-23T22:00:00+00:00,below,75650.0,76480.0,168.0,0.2,0.5582,0.3582,50.0,False,-50.0,0.0,-50.0,-1264.5356
AB,KXBTC-26MAY2318-B75650,2026-05-23T22:00:00+00:00,below,75650.0,76480.0,168.0,0.2,0.5582,0.3582,50.0,False,-50.0,0.0,-50.0,-1264.5356
A,KXBTC-26MAY2305-B74450,2026-05-23T09:00:00+00:00,below,74450.0,74575.97,168.0,0.05,0.5331,0.4831,50.0,False,-50.0,0.0,-50.0,-1461.0356
B,KXBTC-26MAY2305-B74450,2026-05-23T09:00:00+00:00,below,74450.0,74575.97,168.0,0.05,0.5224,0.4724,50.0,False,-50.0,0.0,-50.0,-1314.5356
AB,KXBTC-26MAY2305-B74450,2026-05-23T09:00:00+00:00,below,74450.0,74575.97,168.0,0.05,0.5251,0.4751,50.0,False,-50.0,0.0,-50.0,-1314.5356
A,KXBTC-26MAY2400-B76150,2026-05-24T04:00:00+00:00,below,76150.0,76682.77,168.0,0.09,0.5224,0.4324,50.0,False,-50.0,0.0,-50.0,-1511.0356
B,KXBTC-26MAY2400-B76150,2026-05-24T04:00:00+00:00,below,76150.0,76682.77,168.0,0.09,0.4867,0.3967,50.0,False,-50.0,0.0,-50.0,-1364.5356
AB,KXBTC-26MAY2400-B76150,2026-05-24T04:00:00+00:00,below,76150.0,76682.77,168.0,0.09,0.4956,0.4056,50.0,False,-50.0,0.0,-50.0,-1364.5356
A,KXBTC-26MAY2421-B77450,2026-05-25T01:00:00+00:00,below,77450.0,76850.99,168.0,0.05,0.5596,0.5096,50.0,False,-50.0,0.0,-50.0,-1561.0356
B,KXBTC-26MAY2421-B77450,2026-05-25T01:00:00+00:00,below,77450.0,76850.99,168.0,0.05,0.5596,0.5096,50.0,False,-50.0,0.0,-50.0,-1414.5356
AB,KXBTC-26MAY2421-B77450,2026-05-25T01:00:00+00:00,below,77450.0,76850.99,168.0,0.05,0.5596,0.5096,50.0,False,-50.0,0.0,-50.0,-1414.5356
A,KXBTC-26MAY2912-B72650,2026-05-29T16:00:00+00:00,below,72650.0,73939.39,168.0,0.09,0.5045,0.4145,50.0,False,-50.0,0.0,-50.0,-1611.0356
B,KXBTC-26MAY2912-B72650,2026-05-29T16:00:00+00:00,below,72650.0,73939.39,168.0,0.09,0.433,0.343,50.0,False,-50.0,0.0,-50.0,-1464.5356
AB,KXBTC-26MAY2912-B72650,2026-05-29T16:00:00+00:00,below,72650.0,73939.39,168.0,0.09,0.4509,0.3609,50.0,False,-50.0,0.0,-50.0,-1464.5356
A,KXBTC-26MAY2820-B74650,2026-05-29T00:00:00+00:00,below,74650.0,73621.99,168.0,0.2,0.5789,0.3789,50.0,False,-50.0,0.0,-50.0,-1661.0356
B,KXBTC-26MAY2820-B74650,2026-05-29T00:00:00+00:00,below,74650.0,73621.99,168.0,0.2,0.5789,0.3789,50.0,False,-50.0,0.0,-50.0,-1514.5356
AB,KXBTC-26MAY2820-B74650,2026-05-29T00:00:00+00:00,below,74650.0,73621.99,168.0,0.2,0.5789,0.3789,50.0,False,-50.0,0.0,-50.0,-1514.5356
A,KXBTC-26MAY3008-B73350,2026-05-30T12:00:00+00:00,below,73350.0,73588.13,168.0,0.19,0.5337,0.3437,50.0,False,-50.0,0.0,-50.0,-1711.0356
B,KXBTC-26MAY3008-B73350,2026-05-30T12:00:00+00:00,below,73350.0,73588.13,168.0,0.19,0.5023,0.3123,50.0,False,-50.0,0.0,-50.0,-1564.5356
AB,KXBTC-26MAY3008-B73350,2026-05-30T12:00:00+00:00,below,73350.0,73588.13,168.0,0.19,0.5101,0.3201,50.0,False,-50.0,0.0,-50.0,-1564.5356
A,KXBTC-26MAY3003-B73650,2026-05-30T07:00:00+00:00,below,73650.0,73450.02,168.0,0.07,0.5513,0.4813,50.0,False,-50.0,0.0,-50.0,-1761.0356
B,KXBTC-26MAY3003-B73650,2026-05-30T07:00:00+00:00,below,73650.0,73450.02,168.0,0.07,0.5513,0.4813,50.0,False,-50.0,0.0,-50.0,-1614.5356
AB,KXBTC-26MAY3003-B73650,2026-05-30T07:00:00+00:00,below,73650.0,73450.02,168.0,0.07,0.5513,0.4813,50.0,False,-50.0,0.0,-50.0,-1614.5356
A,KXBTC-26MAY3004-B73750,2026-05-30T08:00:00+00:00,below,73750.0,73417.92,168.0,0.09,0.554,0.464,50.0,False,-50.0,0.0,-50.0,-1811.0356
B,KXBTC-26MAY3004-B73750,2026-05-30T08:00:00+00:00,below,73750.0,73417.92,168.0,0.09,0.554,0.464,50.0,False,-50.0,0.0,-50.0,-1664.5356
AB,KXBTC-26MAY3004-B73750,2026-05-30T08:00:00+00:00,below,73750.0,73417.92,168.0,0.09,0.554,0.464,50.0,False,-50.0,0.0,-50.0,-1664.5356
A,KXBTC-26MAY3100-B72950,2026-05-31T04:00:00+00:00,below,72950.0,74054.0,168.0,0.09,0.5099,0.4199,50.0,False,-50.0,0.0,-50.0,-1861.0356
B,KXBTC-26MAY3100-B72950,2026-05-31T04:00:00+00:00,below,72950.0,74054.0,168.0,0.09,0.4411,0.3511,50.0,False,-50.0,0.0,-50.0,-1714.5356
AB,KXBTC-26MAY3100-B72950,2026-05-31T04:00:00+00:00,below,72950.0,74054.0,168.0,0.09,0.4583,0.3683,50.0,False,-50.0,0.0,-50.0,-1714.5356
A,KXBTC-26MAY3106-B74050,2026-05-31T10:00:00+00:00,below,74050.0,73791.02,168.0,0.05,0.5466,0.4966,50.0,False,-50.0,0.0,-50.0,-1911.0356
B,KXBTC-26MAY3106-B74050,2026-05-31T10:00:00+00:00,below,74050.0,73791.02,168.0,0.05,0.5447,0.4947,50.0,False,-50.0,0.0,-50.0,-1764.5356
AB,KXBTC-26MAY3106-B74050,2026-05-31T10:00:00+00:00,below,74050.0,73791.02,168.0,0.05,0.5452,0.4952,50.0,False,-50.0,0.0,-50.0,-1764.5356
A,KXBTC-26MAY3120-B73750,2026-06-01T00:00:00+00:00,below,73750.0,73781.07,168.0,0.19,0.5243,0.3343,50.0,False,-50.0,0.0,-50.0,-1961.0356
B,KXBTC-26MAY3120-B73750,2026-06-01T00:00:00+00:00,below,73750.0,73781.07,168.0,0.19,0.5243,0.3343,50.0,False,-50.0,0.0,-50.0,-1814.5356
AB,KXBTC-26MAY3120-B73750,2026-06-01T00:00:00+00:00,below,73750.0,73781.07,168.0,0.19,0.5243,0.3343,50.0,False,-50.0,0.0,-50.0,-1814.5356
A,KXBTC-26JUN0118-B70250,2026-06-01T22:00:00+00:00,below,70250.0,71305.87,168.0,0.09,0.5383,0.4483,50.0,False,-50.0,0.0,-50.0,-2011.0356
B,KXBTC-26JUN0118-B70250,2026-06-01T22:00:00+00:00,below,70250.0,71305.87,168.0,0.09,0.5383,0.4483,50.0,False,-50.0,0.0,-50.0,-1864.5356
AB,KXBTC-26JUN0118-B70250,2026-06-01T22:00:00+00:00,below,70250.0,71305.87,168.0,0.09,0.5383,0.4483,50.0,False,-50.0,0.0,-50.0,-1864.5356
A,KXBTC-26JUN0108-B74150,2026-06-01T12:00:00+00:00,below,74150.0,72129.41,168.0,0.09,0.5943,0.5043,50.0,False,-50.0,0.0,-50.0,-2061.0356
B,KXBTC-26JUN0108-B74150,2026-06-01T12:00:00+00:00,below,74150.0,72129.41,168.0,0.09,0.6755,0.5855,50.0,False,-50.0,0.0,-50.0,-1914.5356
AB,KXBTC-26JUN0108-B74150,2026-06-01T12:00:00+00:00,below,74150.0,72129.41,168.0,0.09,0.6552,0.5652,50.0,False,-50.0,0.0,-50.0,-1914.5356
A,KXBTC-26JUN0114-B70450,2026-06-01T18:00:00+00:00,below,70450.0,71400.0,168.0,0.09,0.5128,0.4228,50.0,False,-50.0,0.0,-50.0,-2111.0356
B,KXBTC-26JUN0114-B70450,2026-06-01T18:00:00+00:00,below,70450.0,71400.0,168.0,0.09,0.4973,0.4073,50.0,False,-50.0,0.0,-50.0,-1964.5356
AB,KXBTC-26JUN0114-B70450,2026-06-01T18:00:00+00:00,below,70450.0,71400.0,168.0,0.09,0.5012,0.4112,50.0,False,-50.0,0.0,-50.0,-1964.5356
A,KXBTC-26JUN0117-B72625,2026-06-01T21:00:00+00:00,below,72625.0,70932.41,168.0,0.06,0.5863,0.5263,50.0,False,-50.0,0.0,-50.0,-2161.0356
B,KXBTC-26JUN0117-B72625,2026-06-01T21:00:00+00:00,below,72625.0,70932.41,168.0,0.06,0.6731,0.6131,50.0,False,-50.0,0.0,-50.0,-2014.5356
AB,KXBTC-26JUN0117-B72625,2026-06-01T21:00:00+00:00,below,72625.0,70932.41,168.0,0.06,0.6514,0.5914,50.0,False,-50.0,0.0,-50.0,-2014.5356
A,KXBTC-26JUN0108-B72150,2026-06-01T12:00:00+00:00,below,72150.0,72129.41,168.0,0.14,0.5399,0.3999,50.0,False,-50.0,0.0,-50.0,-2211.0356
B,KXBTC-26JUN0108-B72150,2026-06-01T12:00:00+00:00,below,72150.0,72129.41,168.0,0.14,0.5615,0.4215,50.0,False,-50.0,0.0,-50.0,-2064.5356
AB,KXBTC-26JUN0108-B72150,2026-06-01T12:00:00+00:00,below,72150.0,72129.41,168.0,0.14,0.5561,0.4161,50.0,False,-50.0,0.0,-50.0,-2064.5356
A,KXBTC-26JUN0216-B67750,2026-06-02T20:00:00+00:00,below,67750.0,67484.99,168.0,0.09,0.5477,0.4577,50.0,False,-50.0,0.0,-50.0,-2261.0356
B,KXBTC-26JUN0216-B67750,2026-06-02T20:00:00+00:00,below,67750.0,67484.99,168.0,0.09,0.616,0.526,50.0,False,-50.0,0.0,-50.0,-2114.5356
AB,KXBTC-26JUN0216-B67750,2026-06-02T20:00:00+00:00,below,67750.0,67484.99,168.0,0.09,0.5989,0.5089,50.0,False,-50.0,0.0,-50.0,-2114.5356
A,KXBTC-26JUN0212-B66650,2026-06-02T16:00:00+00:00,below,66650.0,67296.18,168.0,0.05,0.5207,0.4707,50.0,False,-50.0,0.0,-50.0,-2311.0356
B,KXBTC-26JUN0212-B66650,2026-06-02T16:00:00+00:00,below,66650.0,67296.18,168.0,0.05,0.5546,0.5046,50.0,False,-50.0,0.0,-50.0,-2164.5356
AB,KXBTC-26JUN0212-B66650,2026-06-02T16:00:00+00:00,below,66650.0,67296.18,168.0,0.05,0.5461,0.4961,50.0,False,-50.0,0.0,-50.0,-2164.5356
A,KXBTC-26JUN0215-B66550,2026-06-02T19:00:00+00:00,below,66550.0,67213.59,168.0,0.09,0.5202,0.4302,50.0,False,-50.0,0.0,-50.0,-2361.0356
B,KXBTC-26JUN0215-B66550,2026-06-02T19:00:00+00:00,below,66550.0,67213.59,168.0,0.09,0.5525,0.4625,50.0,False,-50.0,0.0,-50.0,-2214.5356
AB,KXBTC-26JUN0215-B66550,2026-06-02T19:00:00+00:00,below,66550.0,67213.59,168.0,0.09,0.5444,0.4544,50.0,False,-50.0,0.0,-50.0,-2214.5356
A,KXBTC-26JUN0310-B65450,2026-06-03T14:00:00+00:00,below,65450.0,66748.71,168.0,0.09,0.5813,0.4913,50.0,False,-50.0,0.0,-50.0,-2411.0356
B,KXBTC-26JUN0310-B65450,2026-06-03T14:00:00+00:00,below,65450.0,66748.71,168.0,0.09,0.5813,0.4913,50.0,False,-50.0,0.0,-50.0,-2264.5356
AB,KXBTC-26JUN0310-B65450,2026-06-03T14:00:00+00:00,below,65450.0,66748.71,168.0,0.09,0.5813,0.4913,50.0,False,-50.0,0.0,-50.0,-2264.5356
A,KXBTC-26JUN0307-B66850,2026-06-03T11:00:00+00:00,below,66850.0,66969.63,168.0,0.14,0.5364,0.3964,50.0,False,-50.0,0.0,-50.0,-2461.0356
B,KXBTC-26JUN0307-B66850,2026-06-03T11:00:00+00:00,below,66850.0,66969.63,168.0,0.14,0.5974,0.4574,50.0,False,-50.0,0.0,-50.0,-2314.5356
AB,KXBTC-26JUN0307-B66850,2026-06-03T11:00:00+00:00,below,66850.0,66969.63,168.0,0.14,0.5821,0.4421,50.0,False,-50.0,0.0,-50.0,-2314.5356
A,KXBTC-26JUN0302-B67450,2026-06-03T06:00:00+00:00,below,67450.0,66879.08,168.0,0.05,0.6015,0.5515,50.0,False,-50.0,0.0,-50.0,-2511.0356
B,KXBTC-26JUN0302-B67450,2026-06-03T06:00:00+00:00,below,67450.0,66879.08,168.0,0.05,0.6015,0.5515,50.0,False,-50.0,0.0,-50.0,-2364.5356
AB,KXBTC-26JUN0302-B67450,2026-06-03T06:00:00+00:00,below,67450.0,66879.08,168.0,0.05,0.6015,0.5515,50.0,False,-50.0,0.0,-50.0,-2364.5356
A,KXBTC-26JUN0306-B67350,2026-06-03T10:00:00+00:00,below,67350.0,67194.35,168.0,0.14,0.5445,0.4045,50.0,False,-50.0,0.0,-50.0,-2561.0356
B,KXBTC-26JUN0306-B67350,2026-06-03T10:00:00+00:00,below,67350.0,67194.35,168.0,0.14,0.6147,0.4747,50.0,False,-50.0,0.0,-50.0,-2414.5356
AB,KXBTC-26JUN0306-B67350,2026-06-03T10:00:00+00:00,below,67350.0,67194.35,168.0,0.14,0.5972,0.4572,50.0,False,-50.0,0.0,-50.0,-2414.5356
A,KXBTC-26JUN0307-B67650,2026-06-03T11:00:00+00:00,below,67650.0,66969.63,168.0,0.14,0.5599,0.4199,50.0,False,-50.0,0.0,-50.0,-2611.0356
B,KXBTC-26JUN0307-B67650,2026-06-03T11:00:00+00:00,below,67650.0,66969.63,168.0,0.14,0.6454,0.5054,50.0,False,-50.0,0.0,-50.0,-2464.5356
AB,KXBTC-26JUN0307-B67650,2026-06-03T11:00:00+00:00,below,67650.0,66969.63,168.0,0.14,0.6241,0.4841,50.0,False,-50.0,0.0,-50.0,-2464.5356
A,KXBTC-26JUN0311-B67550,2026-06-03T15:00:00+00:00,below,67550.0,65969.53,168.0,0.09,0.5864,0.4964,50.0,False,-50.0,0.0,-50.0,-2661.0356
B,KXBTC-26JUN0311-B67550,2026-06-03T15:00:00+00:00,below,67550.0,65969.53,168.0,0.09,0.6912,0.6012,50.0,False,-50.0,0.0,-50.0,-2514.5356
AB,KXBTC-26JUN0311-B67550,2026-06-03T15:00:00+00:00,below,67550.0,65969.53,168.0,0.09,0.665,0.575,50.0,False,-50.0,0.0,-50.0,-2514.5356
A,KXBTC-26JUN0319-B64250,2026-06-03T23:00:00+00:00,below,64250.0,64040.0,168.0,0.18,0.6042,0.4242,50.0,False,-50.0,0.0,-50.0,-2711.0356
B,KXBTC-26JUN0319-B64250,2026-06-03T23:00:00+00:00,below,64250.0,64040.0,168.0,0.18,0.6042,0.4242,50.0,False,-50.0,0.0,-50.0,-2564.5356
AB,KXBTC-26JUN0319-B64250,2026-06-03T23:00:00+00:00,below,64250.0,64040.0,168.0,0.18,0.6042,0.4242,50.0,False,-50.0,0.0,-50.0,-2564.5356
A,KXBTC-26JUN0309-B68650,2026-06-03T13:00:00+00:00,below,68650.0,66787.0,168.0,0.09,0.5939,0.5039,50.0,False,-50.0,0.0,-50.0,-2761.0356
B,KXBTC-26JUN0309-B68650,2026-06-03T13:00:00+00:00,below,68650.0,66787.0,168.0,0.09,0.7051,0.6151,50.0,False,-50.0,0.0,-50.0,-2614.5356
AB,KXBTC-26JUN0309-B68650,2026-06-03T13:00:00+00:00,below,68650.0,66787.0,168.0,0.09,0.6773,0.5873,50.0,False,-50.0,0.0,-50.0,-2614.5356
A,KXBTC-26JUN0301-B64150,2026-06-03T05:00:00+00:00,below,64150.0,67223.73,168.0,0.09,0.4469,0.3569,50.0,False,-50.0,0.0,-50.0,-2811.0356
B,KXBTC-26JUN0301-B64150,2026-06-03T05:00:00+00:00,below,64150.0,67223.73,168.0,0.09,0.4058,0.3158,50.0,False,-50.0,0.0,-50.0,-2664.5356
AB,KXBTC-26JUN0301-B64150,2026-06-03T05:00:00+00:00,below,64150.0,67223.73,168.0,0.09,0.4161,0.3261,50.0,False,-50.0,0.0,-50.0,-2664.5356
A,KXBTC-26JUN0412-B66650,2026-06-04T16:00:00+00:00,below,66650.0,63471.56,168.0,0.09,0.6337,0.5437,50.0,False,-50.0,0.0,-50.0,-2861.0356
B,KXBTC-26JUN0412-B66650,2026-06-04T16:00:00+00:00,below,66650.0,63471.56,168.0,0.09,0.7207,0.6307,50.0,False,-50.0,0.0,-50.0,-2714.5356
AB,KXBTC-26JUN0412-B66650,2026-06-04T16:00:00+00:00,below,66650.0,63471.56,168.0,0.09,0.699,0.609,50.0,False,-50.0,0.0,-50.0,-2714.5356
A,KXBTC-26JUN0323-B61850,2026-06-04T03:00:00+00:00,below,61850.0,64283.38,168.0,0.14,0.4642,0.3242,50.0,False,-50.0,0.0,-50.0,-2911.0356
B,KXBTC-26JUN0323-B61850,2026-06-04T03:00:00+00:00,below,61850.0,64283.38,168.0,0.14,0.4975,0.3575,50.0,False,-50.0,0.0,-50.0,-2764.5356
AB,KXBTC-26JUN0323-B61850,2026-06-04T03:00:00+00:00,below,61850.0,64283.38,168.0,0.14,0.4892,0.3492,50.0,False,-50.0,0.0,-50.0,-2764.5356
A,KXBTC-26JUN0406-B62450,2026-06-04T10:00:00+00:00,below,62450.0,62343.18,168.0,0.09,0.5437,0.4537,50.0,False,-50.0,0.0,-50.0,-2961.0356
B,KXBTC-26JUN0406-B62450,2026-06-04T10:00:00+00:00,below,62450.0,62343.18,168.0,0.09,0.6324,0.5424,50.0,False,-50.0,0.0,-50.0,-2814.5356
AB,KXBTC-26JUN0406-B62450,2026-06-04T10:00:00+00:00,below,62450.0,62343.18,168.0,0.09,0.6102,0.5202,50.0,False,-50.0,0.0,-50.0,-2814.5356
A,KXBTC-26JUN0419-B65450,2026-06-04T23:00:00+00:00,below,65450.0,63806.02,168.0,0.09,0.647,0.557,50.0,False,-50.0,0.0,-50.0,-3011.0356
B,KXBTC-26JUN0419-B65450,2026-06-04T23:00:00+00:00,below,65450.0,63806.02,168.0,0.09,0.647,0.557,50.0,False,-50.0,0.0,-50.0,-2864.5356
AB,KXBTC-26JUN0419-B65450,2026-06-04T23:00:00+00:00,below,65450.0,63806.02,168.0,0.09,0.647,0.557,50.0,False,-50.0,0.0,-50.0,-2864.5356
A,KXBTC-26JUN0414-B64050,2026-06-04T18:00:00+00:00,below,64050.0,63717.58,168.0,0.09,0.5507,0.4607,50.0,False,-50.0,0.0,-50.0,-3061.0356
B,KXBTC-26JUN0414-B64050,2026-06-04T18:00:00+00:00,below,64050.0,63717.58,168.0,0.09,0.6386,0.5486,50.0,False,-50.0,0.0,-50.0,-2914.5356
AB,KXBTC-26JUN0414-B64050,2026-06-04T18:00:00+00:00,below,64050.0,63717.58,168.0,0.09,0.6166,0.5266,50.0,False,-50.0,0.0,-50.0,-2914.5356
A,KXBTC-26JUN0415-B65950,2026-06-04T19:00:00+00:00,below,65950.0,63541.28,168.0,0.09,0.6119,0.5219,50.0,False,-50.0,0.0,-50.0,-3111.0356
B,KXBTC-26JUN0415-B65950,2026-06-04T19:00:00+00:00,below,65950.0,63541.28,168.0,0.09,0.712,0.622,50.0,False,-50.0,0.0,-50.0,-2964.5356
AB,KXBTC-26JUN0415-B65950,2026-06-04T19:00:00+00:00,below,65950.0,63541.28,168.0,0.09,0.687,0.597,50.0,False,-50.0,0.0,-50.0,-2964.5356
A,KXBTC-26JUN0508-B61150,2026-06-05T12:00:00+00:00,below,61150.0,61910.9,168.0,0.64,0.5176,-0.1224,50.0,True,88.8889,6.2222,82.6667,-3028.3689
AB,KXBTC-26JUN0508-B61150,2026-06-05T12:00:00+00:00,below,61150.0,61910.9,168.0,0.64,0.5792,-0.0608,50.0,True,88.8889,6.2222,82.6667,-2881.8689
A,KXBTC-26JUN0507-B63650,2026-06-05T11:00:00+00:00,below,63650.0,61898.07,168.0,0.14,0.5942,0.4542,50.0,False,-50.0,0.0,-50.0,-3078.3689
B,KXBTC-26JUN0507-B63650,2026-06-05T11:00:00+00:00,below,63650.0,61898.07,168.0,0.14,0.6799,0.5399,50.0,False,-50.0,0.0,-50.0,-3014.5356
AB,KXBTC-26JUN0507-B63650,2026-06-05T11:00:00+00:00,below,63650.0,61898.07,168.0,0.14,0.6584,0.5184,50.0,False,-50.0,0.0,-50.0,-2931.8689
A,KXBTC-26JUN0516-B60050,2026-06-05T20:00:00+00:00,below,60050.0,61595.92,168.0,0.05,0.4932,0.4432,50.0,False,-50.0,0.0,-50.0,-3128.3689
B,KXBTC-26JUN0516-B60050,2026-06-05T20:00:00+00:00,below,60050.0,61595.92,168.0,0.05,0.5679,0.5179,50.0,False,-50.0,0.0,-50.0,-3064.5356
AB,KXBTC-26JUN0516-B60050,2026-06-05T20:00:00+00:00,below,60050.0,61595.92,168.0,0.05,0.5492,0.4992,50.0,False,-50.0,0.0,-50.0,-2981.8689
A,KXBTC-26JUN0514-B61050,2026-06-05T18:00:00+00:00,below,61050.0,59346.8,168.0,0.05,0.5948,0.5448,50.0,False,-50.0,0.0,-50.0,-3178.3689
B,KXBTC-26JUN0514-B61050,2026-06-05T18:00:00+00:00,below,61050.0,59346.8,168.0,0.05,0.6736,0.6236,50.0,False,-50.0,0.0,-50.0,-3114.5356
AB,KXBTC-26JUN0514-B61050,2026-06-05T18:00:00+00:00,below,61050.0,59346.8,168.0,0.05,0.6539,0.6039,50.0,False,-50.0,0.0,-50.0,-3031.8689
A,KXBTC-26JUN0423-B63450,2026-06-05T03:00:00+00:00,below,63450.0,62658.31,168.0,0.09,0.565,0.475,50.0,False,-50.0,0.0,-50.0,-3228.3689
B,KXBTC-26JUN0423-B63450,2026-06-05T03:00:00+00:00,below,63450.0,62658.31,168.0,0.09,0.6597,0.5697,50.0,False,-50.0,0.0,-50.0,-3164.5356
AB,KXBTC-26JUN0423-B63450,2026-06-05T03:00:00+00:00,below,63450.0,62658.31,168.0,0.09,0.636,0.546,50.0,False,-50.0,0.0,-50.0,-3081.8689
A,KXBTC-26JUN0607-B59350,2026-06-06T11:00:00+00:00,below,59350.0,60775.55,168.0,0.65,0.4978,-0.1522,50.0,True,92.8571,6.5,86.3571,-3142.0118
B,KXBTC-26JUN0607-B59350,2026-06-06T11:00:00+00:00,below,59350.0,60775.55,168.0,0.65,0.5654,-0.0846,50.0,True,92.8571,6.5,86.3571,-3078.1785
AB,KXBTC-26JUN0607-B59350,2026-06-06T11:00:00+00:00,below,59350.0,60775.55,168.0,0.65,0.5485,-0.1015,50.0,True,92.8571,6.5,86.3571,-2995.5118
A,KXBTC-26JUN0602-B61150,2026-06-06T06:00:00+00:00,below,61150.0,60759.38,168.0,0.07,0.6598,0.5898,50.0,False,-50.0,0.0,-50.0,-3192.0118
B,KXBTC-26JUN0602-B61150,2026-06-06T06:00:00+00:00,below,61150.0,60759.38,168.0,0.07,0.6598,0.5898,50.0,False,-50.0,0.0,-50.0,-3128.1785
AB,KXBTC-26JUN0602-B61150,2026-06-06T06:00:00+00:00,below,61150.0,60759.38,168.0,0.07,0.6598,0.5898,50.0,False,-50.0,0.0,-50.0,-3045.5118
A,KXBTC-26JUN0520-B60650,2026-06-06T00:00:00+00:00,below,60650.0,61246.91,168.0,0.05,0.6701,0.6201,50.0,False,-50.0,0.0,-50.0,-3242.0118
B,KXBTC-26JUN0520-B60650,2026-06-06T00:00:00+00:00,below,60650.0,61246.91,168.0,0.05,0.6701,0.6201,50.0,False,-50.0,0.0,-50.0,-3178.1785
AB,KXBTC-26JUN0520-B60650,2026-06-06T00:00:00+00:00,below,60650.0,61246.91,168.0,0.05,0.6701,0.6201,50.0,False,-50.0,0.0,-50.0,-3095.5118
A,KXBTC-26JUN0602-B61550,2026-06-06T06:00:00+00:00,below,61550.0,60759.38,168.0,0.09,0.6627,0.5727,50.0,False,-50.0,0.0,-50.0,-3292.0118
B,KXBTC-26JUN0602-B61550,2026-06-06T06:00:00+00:00,below,61550.0,60759.38,168.0,0.09,0.6627,0.5727,50.0,False,-50.0,0.0,-50.0,-3228.1785
AB,KXBTC-26JUN0602-B61550,2026-06-06T06:00:00+00:00,below,61550.0,60759.38,168.0,0.09,0.6627,0.5727,50.0,False,-50.0,0.0,-50.0,-3145.5118
A,KXBTC-26JUN0719-B64250,2026-06-07T23:00:00+00:00,below,64250.0,63302.73,168.0,0.11,0.6066,0.4966,50.0,False,-50.0,0.0,-50.0,-3342.0118
B,KXBTC-26JUN0719-B64250,2026-06-07T23:00:00+00:00,below,64250.0,63302.73,168.0,0.11,0.6066,0.4966,50.0,False,-50.0,0.0,-50.0,-3278.1785
AB,KXBTC-26JUN0719-B64250,2026-06-07T23:00:00+00:00,below,64250.0,63302.73,168.0,0.11,0.6066,0.4966,50.0,False,-50.0,0.0,-50.0,-3195.5118
A,KXBTC-26JUN0705-B63150,2026-06-07T09:00:00+00:00,below,63150.0,62504.83,168.0,0.09,0.5621,0.4721,50.0,False,-50.0,0.0,-50.0,-3392.0118
B,KXBTC-26JUN0705-B63150,2026-06-07T09:00:00+00:00,below,63150.0,62504.83,168.0,0.09,0.6423,0.5523,50.0,False,-50.0,0.0,-50.0,-3328.1785
AB,KXBTC-26JUN0705-B63150,2026-06-07T09:00:00+00:00,below,63150.0,62504.83,168.0,0.09,0.6223,0.5323,50.0,False,-50.0,0.0,-50.0,-3245.5118
A,KXBTC-26JUN0819-B63650,2026-06-08T23:00:00+00:00,below,63650.0,63062.98,168.0,0.05,0.5725,0.5225,50.0,False,-50.0,0.0,-50.0,-3442.0118
B,KXBTC-26JUN0819-B63650,2026-06-08T23:00:00+00:00,below,63650.0,63062.98,168.0,0.05,0.5725,0.5225,50.0,False,-50.0,0.0,-50.0,-3378.1785
AB,KXBTC-26JUN0819-B63650,2026-06-08T23:00:00+00:00,below,63650.0,63062.98,168.0,0.05,0.5725,0.5225,50.0,False,-50.0,0.0,-50.0,-3295.5118
A,KXBTC-26JUN0723-B63750,2026-06-08T03:00:00+00:00,below,63750.0,63090.02,168.0,0.13,0.5628,0.4328,50.0,False,-50.0,0.0,-50.0,-3492.0118
B,KXBTC-26JUN0723-B63750,2026-06-08T03:00:00+00:00,below,63750.0,63090.02,168.0,0.13,0.6372,0.5072,50.0,False,-50.0,0.0,-50.0,-3428.1785
AB,KXBTC-26JUN0723-B63750,2026-06-08T03:00:00+00:00,below,63750.0,63090.02,168.0,0.13,0.6186,0.4886,50.0,False,-50.0,0.0,-50.0,-3345.5118
A,KXBTC-26JUN0906-B63450,2026-06-09T10:00:00+00:00,below,63450.0,62748.74,168.0,0.19,0.5651,0.3751,50.0,False,-50.0,0.0,-50.0,-3542.0118
B,KXBTC-26JUN0906-B63450,2026-06-09T10:00:00+00:00,below,63450.0,62748.74,168.0,0.19,0.6474,0.4574,50.0,False,-50.0,0.0,-50.0,-3478.1785
AB,KXBTC-26JUN0906-B63450,2026-06-09T10:00:00+00:00,below,63450.0,62748.74,168.0,0.19,0.6268,0.4368,50.0,False,-50.0,0.0,-50.0,-3395.5118
A,KXBTC-26JUN0912-B60150,2026-06-09T16:00:00+00:00,below,60150.0,61338.0,168.0,0.09,0.5121,0.4221,50.0,False,-50.0,0.0,-50.0,-3592.0118
B,KXBTC-26JUN0912-B60150,2026-06-09T16:00:00+00:00,below,60150.0,61338.0,168.0,0.09,0.5537,0.4637,50.0,False,-50.0,0.0,-50.0,-3528.1785
AB,KXBTC-26JUN0912-B60150,2026-06-09T16:00:00+00:00,below,60150.0,61338.0,168.0,0.09,0.5433,0.4533,50.0,False,-50.0,0.0,-50.0,-3445.5118
A,KXBTC-26JUN0823-B64350,2026-06-09T03:00:00+00:00,below,64350.0,62842.08,168.0,0.09,0.5864,0.4964,50.0,False,-50.0,0.0,-50.0,-3642.0118
B,KXBTC-26JUN0823-B64350,2026-06-09T03:00:00+00:00,below,64350.0,62842.08,168.0,0.09,0.6832,0.5932,50.0,False,-50.0,0.0,-50.0,-3578.1785
AB,KXBTC-26JUN0823-B64350,2026-06-09T03:00:00+00:00,below,64350.0,62842.08,168.0,0.09,0.659,0.569,50.0,False,-50.0,0.0,-50.0,-3495.5118
A,KXBTC-26JUN1008-B60250,2026-06-10T12:00:00+00:00,below,60250.0,61512.99,168.0,0.13,0.512,0.382,50.0,False,-50.0,0.0,-50.0,-3692.0118
B,KXBTC-26JUN1008-B60250,2026-06-10T12:00:00+00:00,below,60250.0,61512.99,168.0,0.13,0.5524,0.4224,50.0,False,-50.0,0.0,-50.0,-3628.1785
AB,KXBTC-26JUN1008-B60250,2026-06-10T12:00:00+00:00,below,60250.0,61512.99,168.0,0.13,0.5423,0.4123,50.0,False,-50.0,0.0,-50.0,-3545.5118
A,KXBTC-26JUN1018-B61850,2026-06-10T22:00:00+00:00,below,61850.0,61320.0,168.0,0.08,0.5794,0.4994,50.0,False,-50.0,0.0,-50.0,-3742.0118
B,KXBTC-26JUN1018-B61850,2026-06-10T22:00:00+00:00,below,61850.0,61320.0,168.0,0.08,0.5794,0.4994,50.0,False,-50.0,0.0,-50.0,-3678.1785
AB,KXBTC-26JUN1018-B61850,2026-06-10T22:00:00+00:00,below,61850.0,61320.0,168.0,0.08,0.5794,0.4994,50.0,False,-50.0,0.0,-50.0,-3595.5118
A,KXBTC-26JUN1100-B61150,2026-06-11T04:00:00+00:00,below,61150.0,62649.94,168.0,0.09,0.5093,0.4193,50.0,False,-50.0,0.0,-50.0,-3792.0118
B,KXBTC-26JUN1100-B61150,2026-06-11T04:00:00+00:00,below,61150.0,62649.94,168.0,0.09,0.5284,0.4384,50.0,False,-50.0,0.0,-50.0,-3728.1785
AB,KXBTC-26JUN1100-B61150,2026-06-11T04:00:00+00:00,below,61150.0,62649.94,168.0,0.09,0.5236,0.4336,50.0,False,-50.0,0.0,-50.0,-3645.5118
A,KXBTC-26JUN1100-B63050,2026-06-11T04:00:00+00:00,below,63050.0,62649.94,168.0,0.46,0.559,0.099,50.0,False,-50.0,0.0,-50.0,-3842.0118
B,KXBTC-26JUN1100-B63050,2026-06-11T04:00:00+00:00,below,63050.0,62649.94,168.0,0.46,0.6296,0.1696,50.0,False,-50.0,0.0,-50.0,-3778.1785
AB,KXBTC-26JUN1100-B63050,2026-06-11T04:00:00+00:00,below,63050.0,62649.94,168.0,0.46,0.612,0.152,50.0,False,-50.0,0.0,-50.0,-3695.5118
A,KXBTC-26JUN1107-B63350,2026-06-11T11:00:00+00:00,below,63350.0,63043.98,168.0,0.09,0.557,0.467,50.0,False,-50.0,0.0,-50.0,-3892.0118
B,KXBTC-26JUN1107-B63350,2026-06-11T11:00:00+00:00,below,63350.0,63043.98,168.0,0.09,0.6265,0.5365,50.0,False,-50.0,0.0,-50.0,-3828.1785
AB,KXBTC-26JUN1107-B63350,2026-06-11T11:00:00+00:00,below,63350.0,63043.98,168.0,0.09,0.6091,0.5191,50.0,False,-50.0,0.0,-50.0,-3745.5118
A,KXBTC-26JUN1201-B64850,2026-06-12T05:00:00+00:00,below,64850.0,63268.0,168.0,0.2,0.5886,0.3886,50.0,False,-50.0,0.0,-50.0,-3942.0118
B,KXBTC-26JUN1201-B64850,2026-06-12T05:00:00+00:00,below,64850.0,63268.0,168.0,0.2,0.6828,0.4828,50.0,False,-50.0,0.0,-50.0,-3878.1785
AB,KXBTC-26JUN1201-B64850,2026-06-12T05:00:00+00:00,below,64850.0,63268.0,168.0,0.2,0.6592,0.4592,50.0,False,-50.0,0.0,-50.0,-3795.5118
A,KXBTC-26JUN1215-B62450,2026-06-12T19:00:00+00:00,below,62450.0,63552.05,168.0,0.08,0.5229,0.4429,50.0,False,-50.0,0.0,-50.0,-3992.0118
B,KXBTC-26JUN1215-B62450,2026-06-12T19:00:00+00:00,below,62450.0,63552.05,168.0,0.08,0.5392,0.4592,50.0,False,-50.0,0.0,-50.0,-3928.1785
AB,KXBTC-26JUN1215-B62450,2026-06-12T19:00:00+00:00,below,62450.0,63552.05,168.0,0.08,0.5351,0.4551,50.0,False,-50.0,0.0,-50.0,-3845.5118
A,KXBTC-26JUN1220-B63350,2026-06-13T00:00:00+00:00,below,63350.0,63557.9,168.0,0.09,0.56,0.47,50.0,False,-50.0,0.0,-50.0,-4042.0118
B,KXBTC-26JUN1220-B63350,2026-06-13T00:00:00+00:00,below,63350.0,63557.9,168.0,0.09,0.56,0.47,50.0,False,-50.0,0.0,-50.0,-3978.1785
AB,KXBTC-26JUN1220-B63350,2026-06-13T00:00:00+00:00,below,63350.0,63557.9,168.0,0.09,0.56,0.47,50.0,False,-50.0,0.0,-50.0,-3895.5118
A,KXBTC-26JUN1220-B63650,2026-06-13T00:00:00+00:00,below,63650.0,63557.9,168.0,0.05,0.5658,0.5158,50.0,False,-50.0,0.0,-50.0,-4092.0118
B,KXBTC-26JUN1220-B63650,2026-06-13T00:00:00+00:00,below,63650.0,63557.9,168.0,0.05,0.5658,0.5158,50.0,False,-50.0,0.0,-50.0,-4028.1785
AB,KXBTC-26JUN1220-B63650,2026-06-13T00:00:00+00:00,below,63650.0,63557.9,168.0,0.05,0.5658,0.5158,50.0,False,-50.0,0.0,-50.0,-3945.5118
